-0.5,-0.5,-0.75,2.9880363643353526e-08
-0.5,-0.5,-0.6,-1.397469251734438e-07
-0.5,-0.5,-0.45,-5.753981346852486e-07
-0.5,-0.5,-0.3,-8.695494935596838e-07
-0.5,-0.5,-0.15,-5.983073218217817e-07
-0.5,-0.5,0.0,3.6602725762162504e-08
-0.5,-0.5,0.15,2.7106174331982256e-07
-0.5,-0.5,0.3,1.8130567686514107e-07
-0.5,-0.5,0.45,5.985081179821608e-08
-0.5,-0.5,0.6,1.0608960120713974e-08
-0.5,-0.5,0.75,2.6956860729096966e-09
-0.5,-0.4,-0.75,1.1122239937756065e-07
-0.5,-0.4,-0.6,-1.5109729367938945e-07
-0.5,-0.4,-0.45,2.9443673339454704e-07
-0.5,-0.4,-0.3,2.3370230412381353e-07
-0.5,-0.4,-0.15,1.463395796036181e-07
-0.5,-0.4,0.0,-4.86683651202202e-09
-0.5,-0.4,0.15,-8.425692429729332e-08
-0.5,-0.4,0.3,-6.095165315315456e-08
-0.5,-0.4,0.45,-3.866071437942433e-08
-0.5,-0.4,0.6,-2.1164741387912084e-09
-0.5,-0.4,0.75,-1.057960250527873e-08
-0.5,-0.3,-0.75,-6.988792125322016e-08
-0.5,-0.3,-0.6,-3.810708570628806e-06
-0.5,-0.3,-0.45,-7.090410535003238e-07
-0.5,-0.3,-0.3,3.6110647789935874e-07
-0.5,-0.3,-0.15,3.1815449244968245e-07
-0.5,-0.3,0.0,-6.092935034943971e-08
-0.5,-0.3,0.15,-5.684794260054211e-07
-0.5,-0.3,0.3,-6.473509412171563e-07
-0.5,-0.3,0.45,-3.7674667057871e-07
-0.5,-0.3,0.6,-1.5890140565805205e-07
-0.5,-0.3,0.75,5.627242247319571e-09
-0.5,-0.2,-0.75,3.6326789399132806e-07
-0.5,-0.2,-0.6,1.0535582228832756e-05
-0.5,-0.2,-0.45,-2.4223017583028684e-06
-0.5,-0.2,-0.3,-5.487359847065639e-08
-0.5,-0.2,-0.15,8.22066449837776e-07
-0.5,-0.2,0.0,-1.859024658034061e-07
-0.5,-0.2,0.15,-1.678772903798393e-06
-0.5,-0.2,0.3,-1.838023281700493e-06
-0.5,-0.2,0.45,-1.2159057995315446e-06
-0.5,-0.2,0.6,-3.664835726407541e-07
-0.5,-0.2,0.75,-3.1784077154445535e-07
-0.5,-0.1,-0.75,4.00651956375505e-07
-0.5,-0.1,-0.6,4.869359502434043e-05
-0.5,-0.1,-0.45,-1.4437680031142355e-05
-0.5,-0.1,-0.3,-2.897563783928277e-05
-0.5,-0.1,-0.15,-2.7109491063730634e-05
-0.5,-0.1,0.0,2.4808214004074992e-06
-0.5,-0.1,0.15,2.9284713627172135e-05
-0.5,-0.1,0.3,2.8226837535853253e-05
-0.5,-0.1,0.45,1.3071218934401489e-05
-0.5,-0.1,0.6,3.885901814523608e-06
-0.5,-0.1,0.75,-6.183231641734573e-08
-0.5,-0.0,-0.75,-1.0118006939131177e-06
-0.5,-0.0,-0.6,9.10039868401464e-06
-0.5,-0.0,-0.45,-9.362383759515672e-05
-0.5,-0.0,-0.3,-0.00021087072445775083
-0.5,0.0,-0.15,-0.00020732966754892268
-0.5,0.0,-0.0,2.0328400939281954e-05
-0.5,0.0,0.15,0.0002168164176122058
-0.5,0.0,0.3,0.00020039496033380082
-0.5,0.0,0.45,9.078503977265833e-05
-0.5,-0.0,0.6,2.5383705352446346e-05
-0.5,-0.0,0.75,3.425853639653378e-06
-0.5,0.1,-0.75,-5.333299888806716e-06
-0.5,0.1,-0.6,-5.585586395941696e-05
-0.5,0.1,-0.45,-0.0002573702307241251
-0.5,0.1,-0.3,-0.0005856266794553492
-0.5,0.1,-0.15,-0.0005676777395334251
-0.5,0.1,-0.0,4.948590869521284e-05
-0.5,0.1,0.15,0.0005559421771836785
-0.5,0.1,0.3,0.00048551845450346595
-0.5,0.1,0.45,0.00020887180514354172
-0.5,0.1,0.6,5.412254933655796e-05
-0.5,0.1,0.75,8.24100511495199e-06
-0.5,0.2,-0.75,-8.241019684187222e-06
-0.5,0.2,-0.6,-7.556334672403865e-05
-0.5,0.2,-0.45,-0.0003545776666202709
-0.5,0.2,-0.3,-0.0007905242514548995
-0.5,0.2,-0.15,-0.0007413970990899827
-0.5,0.2,-0.0,5.773815388583537e-05
-0.5,0.2,0.15,0.0006597780417509582
-0.5,0.2,0.3,0.0005446299727632907
-0.5,0.2,0.45,0.0002208479323413061
-0.5,0.2,0.6,5.3204234695039086e-05
-0.5,0.2,0.75,7.858612615791458e-06
-0.5,0.3,-0.75,-6.824205823613884e-06
-0.5,0.3,-0.6,-6.27099501995896e-05
-0.5,0.3,-0.45,-0.00026185239208938697
-0.5,0.3,-0.3,-0.0005639502598887578
-0.5,0.3,-0.15,-0.0005097660623858513
-0.5,0.3,-0.0,3.566176458947044e-05
-0.5,0.3,0.15,0.0004072272763676717
-0.5,0.3,0.3,0.00031797323876630126
-0.5,0.3,0.45,0.00012103256880192021
-0.5,0.3,0.6,2.7394880541335e-05
-0.5,0.3,0.75,3.493760742487979e-06
-0.5,0.4,-0.75,-2.9881853472131625e-06
-0.5,0.4,-0.6,-2.2337761220067828e-05
-0.5,0.4,-0.45,-0.000108571727540281
-0.5,0.4,-0.3,-0.00022661043346462037
-0.5,0.4,-0.15,-0.00019708304872157172
-0.5,0.4,0.0,1.202390745024525e-05
-0.5,0.4,0.15,0.00014178003584052498
-0.5,0.4,0.3,0.00010458858513097213
-0.5,0.4,0.45,3.746827925412828e-05
-0.5,0.4,0.6,7.870072043138813e-06
-0.5,0.4,0.75,9.137269422584737e-07
-0.5,0.5,-0.75,-5.42624757552022e-07
-0.5,0.5,-0.6,-5.691818003296454e-06
-0.5,0.5,-0.45,-2.6273149728156046e-05
-0.5,0.5,-0.3,-5.3353366721491074e-05
-0.5,0.5,-0.15,-4.457448132304113e-05
-0.5,0.5,0.0,2.624516996820401e-06
-0.5,0.5,0.15,2.8727148030081707e-05
-0.5,0.5,0.3,2.0098437139123334e-05
-0.5,0.5,0.45,6.752960586224854e-06
-0.5,0.5,0.6,1.3693483378649918e-06
-0.5,0.5,0.75,8.268129861789655e-08
-0.4,-0.5,-0.75,-9.120581895880181e-08
-0.4,-0.5,-0.6,-5.135682000114365e-07
-0.4,-0.5,-0.45,-1.752638768831897e-06
-0.4,-0.5,-0.3,-3.7938310515285842e-06
-0.4,-0.5,-0.15,-3.1552128567549977e-06
-0.4,-0.5,0.0,2.752649468304376e-07
-0.4,-0.5,0.15,2.143882596195284e-06
-0.4,-0.5,0.3,1.4486428096877367e-06
-0.4,-0.5,0.45,4.7609012574377164e-07
-0.4,-0.5,0.6,9.643910996827188e-08
-0.4,-0.5,0.75,4.78613155830157e-09
-0.4,-0.4,-0.75,-8.024056390535324e-08
-0.4,-0.4,-0.6,4.137626562960717e-07
-0.4,-0.4,-0.45,3.0212230537899764e-07
-0.4,-0.4,-0.3,5.873958996370094e-07
-0.4,-0.4,-0.15,4.331996381864799e-07
-0.4,-0.4,0.0,-6.662692717189073e-08
-0.4,-0.4,0.15,-2.480195788802486e-07
-0.4,-0.4,0.3,-1.2231495304797204e-07
-0.4,-0.4,0.45,1.6116727256422232e-09
-0.4,-0.4,0.6,2.9740459845796515e-09
-0.4,-0.4,0.75,1.3091425178896165e-08
-0.4,-0.3,-0.75,1.3919039432215285e-07
-0.4,-0.3,-0.6,4.541915739731846e-06
-0.4,-0.3,-0.45,-1.0409035572294224e-06
-0.4,-0.3,-0.3,-4.308823046046344e-06
-0.4,-0.3,-0.15,-4.553131976683888e-06
-0.4,-0.3,0.0,5.797142976015223e-07
-0.4,-0.3,0.15,6.508432380285793e-06
-0.4,-0.3,0.3,7.029311012190649e-06
-0.4,-0.3,0.45,3.872615454550782e-06
-0.4,-0.3,0.6,1.343272000953842e-06
-0.4,-0.3,0.75,2.3714380020412055e-07
-0.4,-0.2,-0.75,-8.273108238403053e-07
-0.4,-0.2,-0.6,-2.1861008483819004e-05
-0.4,-0.2,-0.45,-3.6347654323418204e-05
-0.4,-0.2,-0.3,-9.384044586885128e-05
-0.4,-0.2,-0.15,-0.00010233784572840517
-0.4,-0.2,-0.0,1.1654132273427851e-05
-0.4,-0.2,0.15,0.0001363324424197103
-0.4,-0.2,0.3,0.0001408762820889013
-0.4,-0.2,0.45,7.352848494533731e-05
-0.4,-0.2,0.6,2.3344150974926336e-05
-0.4,-0.2,0.75,5.034779896476176e-06
-0.4,-0.1,-0.75,-6.760558518350974e-06
-0.4,-0.1,-0.6,-0.00013665160006162883
-0.4,-0.1,-0.45,-0.0003799349695250165
-0.4,-0.1,-0.3,-0.0009317182321739194
-0.4,-0.1,-0.15,-0.0009790836401412958
-0.4,-0.1,0.0,0.00010560365216411409
-0.4,-0.1,0.15,0.001194892380657991
-0.4,-0.1,0.3,0.0011683409038750585
-0.4,-0.1,0.45,0.0005731284905655625
-0.4,-0.1,0.6,0.00017043064974759316
-0.4,-0.1,0.75,3.342442694021603e-05
-0.4,-0.0,-0.75,-2.89700954177102e-05
-0.4,-0.0,-0.6,-0.0003833728389169009
-0.4,-0.0,-0.45,-0.0016422642109666103
-0.4,-0.0,-0.3,-0.003936935575614172
-0.4,-0.0,-0.15,-0.00399879849804986
-0.4,-0.0,-0.0,0.0004028369635781238
-0.4,0.0,0.15,0.004442793260540289
-0.4,-0.0,0.3,0.004107263096816583
-0.4,-0.0,0.45,0.0018933650561720721
-0.4,-0.0,0.6,0.0005264172073757693
-0.4,-0.0,0.75,9.461849799599285e-05
-0.4,0.1,-0.75,-6.500046067295214e-05
-0.4,0.1,-0.6,-0.000716184509583476
-0.4,0.1,-0.45,-0.0033408393011198335
-0.4,0.1,-0.3,-0.007795220568687875
-0.4,0.1,-0.15,-0.007649533886627966
-0.4,0.1,0.0,0.0007114930536770459
-0.4,0.1,0.15,0.007688921097989277
-0.4,0.1,0.3,0.006714184962778409
-0.4,0.1,0.45,0.0029032361599685705
-0.4,0.1,0.6,0.0007538634513289846
-0.4,0.1,0.75,0.0001235722632130088
-0.4,0.2,-0.75,-7.576669902932556e-05
-0.4,0.2,-0.6,-0.0007621630294284976
-0.4,0.2,-0.45,-0.0034810924849670356
-0.4,0.2,-0.3,-0.007886274754956476
-0.4,0.2,-0.15,-0.0074690560944294495
-0.4,0.2,0.0,0.0006322787379367319
-0.4,0.2,0.15,0.006765022501493715
-0.4,0.2,0.3,0.005575852907313846
-0.4,0.2,0.45,0.0022593145121139824
-0.4,0.2,0.6,0.0005472245029952813
-0.4,0.2,0.75,8.097601687243442e-05
-0.4,0.3,-0.75,-4.7888157831552325e-05
-0.4,0.3,-0.6,-0.00044979536743945924
-0.4,0.3,-0.45,-0.0020069192818569074
-0.4,0.3,-0.3,-0.004406055702786855
-0.4,0.3,-0.15,-0.004021703817149134
-0.4,0.3,-0.0,0.00030568923750981026
-0.4,0.3,0.15,0.0032722747789719012
-0.4,0.3,0.3,0.0025448115232491234
-0.4,0.3,0.45,0.000966049760572306
-0.4,0.3,0.6,0.00021790585093041116
-0.4,0.3,0.75,2.8825604527651973e-05
-0.4,0.4,-0.75,-1.7779094196876326e-05
-0.4,0.4,-0.6,-0.00015924640234439146
-0.4,0.4,-0.45,-0.000683793553105227
-0.4,0.4,-0.3,-0.001451652352996047
-0.4,0.4,-0.15,-0.001275440079150656
-0.4,0.4,0.0,8.63910775991176e-05
-0.4,0.4,0.15,0.0009308948500179772
-0.4,0.4,0.3,0.0006834074438608867
-0.4,0.4,0.45,0.00024312330264849728
-0.4,0.4,0.6,5.1142205628609544e-05
-0.4,0.4,0.75,5.827064332591766e-06
-0.4,0.5,-0.75,-3.987473368166745e-06
-0.4,0.5,-0.6,-3.35116712395253e-05
-0.4,0.5,-0.45,-0.00014079591432406642
-0.4,0.5,-0.3,-0.00028858839511320604
-0.4,0.5,-0.15,-0.00024373272657547468
-0.4,0.5,0.0,1.5053801974076393e-05
-0.4,0.5,0.15,0.0001604242567359034
-0.4,0.5,0.3,0.00011127125376154784
-0.4,0.5,0.45,3.718525757593875e-05
-0.4,0.5,0.6,7.2785933561285975e-06
-0.4,0.5,0.75,7.134123638901824e-07
-0.3,-0.5,-0.75,-2.20627066698403e-07
-0.3,-0.5,-0.6,-1.948656408345642e-06
-0.3,-0.5,-0.45,-8.783202376480368e-06
-0.3,-0.5,-0.3,-1.7041595855460355e-05
-0.3,-0.5,-0.15,-1.3766557930575882e-05
-0.3,-0.5,0.0,1.1128962690347289e-06
-0.3,-0.5,0.15,8.948371746156707e-06
-0.3,-0.5,0.3,6.1067764198918146e-06
-0.3,-0.5,0.45,2.0468865666482453e-06
-0.3,-0.5,0.6,4.04699788127276e-07
-0.3,-0.5,0.75,4.0294461995869535e-08
-0.3,-0.4,-0.75,1.2828163897305665e-07
-0.3,-0.4,-0.6,-3.961487383381092e-07
-0.3,-0.4,-0.45,7.209167856324193e-07
-0.3,-0.4,-0.3,1.1689388869743642e-06
-0.3,-0.4,-0.15,4.311034245466427e-07
-0.3,-0.4,0.0,-2.274883343922371e-08
-0.3,-0.4,0.15,1.1411273891430957e-06
-0.3,-0.4,0.3,2.0016193730003463e-06
-0.3,-0.4,0.45,1.4247017647136847e-06
-0.3,-0.4,0.6,5.902550795248394e-07
-0.3,-0.4,0.75,1.4658599672142095e-07
-0.3,-0.3,-0.75,-2.699648308308839e-07
-0.3,-0.3,-0.6,-1.2884873247273766e-05
-0.3,-0.3,-0.45,-3.334350715593305e-05
-0.3,-0.3,-0.3,-8.390821171946749e-05
-0.3,-0.3,-0.15,-9.373561867019077e-05
-0.3,-0.3,0.0,1.0155480305146406e-05
-0.3,-0.3,0.15,0.00013399931449685333
-0.3,-0.3,0.3,0.00014628721976957818
-0.3,-0.3,0.45,8.130023041174403e-05
-0.3,-0.3,0.6,2.7713681419844982e-05
-0.3,-0.3,0.75,6.338864159286162e-06
-0.3,-0.2,-0.75,-2.649333991858226e-06
-0.3,-0.2,-0.6,-9.501164986979897e-05
-0.3,-0.2,-0.45,-0.0005761004310968373
-0.3,-0.2,-0.3,-0.0014642555658305216
-0.3,-0.2,-0.15,-0.0015941075809457108
-0.3,-0.2,0.0,0.00017789565683332082
-0.3,-0.2,0.15,0.0021396261369548324
-0.3,-0.2,0.3,0.0022210345614087123
-0.3,-0.2,0.45,0.0011672555806860319
-0.3,-0.2,0.6,0.00037549115536876623
-0.3,-0.2,0.75,7.918127790957481e-05
-0.3,-0.1,-0.75,-4.265790217132024e-05
-0.3,-0.1,-0.6,-0.0007520683514445183
-0.3,-0.1,-0.45,-0.004090005785496537
-0.3,-0.1,-0.3,-0.010187574509276988
-0.3,-0.1,-0.15,-0.010766404388547793
-0.3,-0.1,0.0,0.001184513222595186
-0.3,-0.1,0.15,0.013310823905196143
-0.3,-0.1,0.3,0.013069421053932658
-0.3,-0.1,0.45,0.0064563547469488804
-0.3,-0.1,0.6,0.0019437385977003358
-0.3,-0.1,0.75,0.0003812167401676197
-0.3,-0.0,-0.75,-0.00019078911133661063
-0.3,-0.0,-0.6,-0.0025901279382267526
-0.3,-0.0,-0.45,-0.012887389978327767
-0.3,-0.0,-0.3,-0.03132950005779978
-0.3,-0.0,-0.15,-0.032070705852320296
-0.3,0.0,-0.0,0.003386935689012692
-0.3,0.0,0.15,0.036209345191313434
-0.3,-0.0,0.3,0.03356823008086775
-0.3,-0.0,0.45,0.01555029956870581
-0.3,-0.0,0.6,0.004368349528307982
-0.3,0.0,0.75,0.0007912654068955736
-0.3,0.1,-0.75,-0.0003575213680851762
-0.3,0.1,-0.6,-0.004161891464521459
-0.3,0.1,-0.45,-0.019916689060642173
-0.3,0.1,-0.3,-0.04714396236313448
-0.3,0.1,-0.15,-0.04664883859207863
-0.3,0.1,-0.0,0.004619762857575842
-0.3,0.1,0.15,0.04774110112773924
-0.3,0.1,0.3,0.04173036469336255
-0.3,0.1,0.45,0.018094891871735203
-0.3,0.1,0.6,0.004731776735752781
-0.3,0.1,0.75,0.0007851800254562816
-0.3,0.2,-0.75,-0.0003347213532801046
-0.3,0.2,-0.6,-0.0035147408919119112
-0.3,0.2,-0.45,-0.01642093158249717
-0.3,0.2,-0.3,-0.03775643112027939
-0.3,0.2,-0.15,-0.03604725667370972
-0.3,0.2,-0.0,0.0032898177781827682
-0.3,0.2,0.15,0.03325924420317705
-0.3,0.2,0.3,0.02739262507754949
-0.3,0.2,0.45,0.01110869265071815
-0.3,0.2,0.6,0.0027006242533448143
-0.3,0.2,0.75,0.0004062509409080632
-0.3,0.3,-0.75,-0.00017483289154248142
-0.3,0.3,-0.6,-0.001703962219680613
-0.3,0.3,-0.45,-0.007753178352142296
-0.3,0.3,-0.3,-0.017274929827392968
-0.3,0.3,-0.15,-0.0158889462691621
-0.3,0.3,0.0,0.00131679448144192
-0.3,0.3,0.15,0.013165066739104015
-0.3,0.3,0.3,0.010215235957574646
-0.3,0.3,0.45,0.003873367100143199
-0.3,0.3,0.6,0.0008751105788103201
-0.3,0.3,0.75,0.00011733402087721728
-0.3,0.4,-0.75,-5.4831704588581385e-05
-0.3,0.4,-0.6,-0.0005030054443008806
-0.3,0.4,-0.45,-0.0022270632194229412
-0.3,0.4,-0.3,-0.0047981575231568945
-0.3,0.4,-0.15,-0.004246380345538241
-0.3,0.4,0.0,0.0003163511940699176
-0.3,0.4,0.15,0.0031543150872001963
-0.3,0.4,0.3,0.002307278166898938
-0.3,0.4,0.45,0.0008185617961088522
-0.3,0.4,0.6,0.00017191308801440186
-0.3,0.4,0.75,2.0087991573582113e-05
-0.3,0.5,-0.75,-1.0650239754724146e-05
-0.3,0.5,-0.6,-9.30251657039909e-05
-0.3,0.5,-0.45,-0.0003983013298959079
-0.3,0.5,-0.3,-0.0008281834503767988
-0.3,0.5,-0.15,-0.000704267085704372
-0.3,0.5,0.0,4.802292572665232e-05
-0.3,0.5,0.15,0.0004705226989415633
-0.3,0.5,0.3,0.0003246830658289874
-0.3,0.5,0.45,0.00010791433000454166
-0.3,0.5,0.6,2.1129613863833572e-05
-0.3,0.5,0.75,2.0420925601897705e-06
-0.2,-0.5,-0.75,-5.66844563460039e-07
-0.2,-0.5,-0.6,-4.8594182551197224e-06
-0.2,-0.5,-0.45,-1.832892278189493e-05
-0.2,-0.5,-0.3,-3.7792819503316234e-05
-0.2,-0.5,-0.15,-3.1510634008692214e-05
-0.2,-0.5,0.0,2.4528623272448324e-06
-0.2,-0.5,0.15,2.117725842250177e-05
-0.2,-0.5,0.3,1.4669127703653827e-05
-0.2,-0.5,0.45,4.950048442011868e-06
-0.2,-0.5,0.6,1.003829078653383e-06
-0.2,-0.5,0.75,8.988556524949845e-08
-0.2,-0.4,-0.75,1.1721227812201783e-07
-0.2,-0.4,-0.6,5.086344560193293e-07
-0.2,-0.4,-0.45,-4.448359020640551e-06
-0.2,-0.4,-0.3,-1.3606595867142313e-05
-0.2,-0.4,-0.15,-1.725602792227588e-05
-0.2,-0.4,0.0,2.0470023495026797e-06
-0.2,-0.4,0.15,3.0667174467351776e-05
-0.2,-0.4,0.3,3.6985141481180516e-05
-0.2,-0.4,0.45,2.2729966760393465e-05
-0.2,-0.4,0.6,8.578584928114999e-06
-0.2,-0.4,0.75,2.152526120975588e-06
-0.2,-0.3,-0.75,1.225060578963443e-06
-0.2,-0.3,-0.6,-4.0851872502250474e-05
-0.2,-0.3,-0.45,-0.0002519520946720923
-0.2,-0.3,-0.3,-0.0006592489090378709
-0.2,-0.3,-0.15,-0.0007422610653144331
-0.2,-0.3,0.0,8.047111840008921e-05
-0.2,-0.3,0.15,0.0010765871579025202
-0.2,-0.3,0.3,0.0011869510649198172
-0.2,-0.3,0.45,0.0006685511512923404
-0.2,-0.3,0.6,0.0002330614189374781
-0.2,-0.3,0.75,5.385437493697234e-05
-0.2,-0.2,-0.75,-1.5360879895936682e-05
-0.2,-0.2,-0.6,-0.0006690379647204832
-0.2,-0.2,-0.45,-0.003265730822549925
-0.2,-0.2,-0.3,-0.008380071532446385
-0.2,-0.2,-0.15,-0.009192380552888476
-0.2,-0.2,-0.0,0.001043368128538009
-0.2,-0.2,0.15,0.012483225867759344
-0.2,-0.2,0.3,0.01303303762005283
-0.2,-0.2,0.45,0.006909584629841519
-0.2,-0.2,0.6,0.002254430933027181
-0.2,-0.2,0.75,0.00048667803373215926
-0.2,-0.1,-0.75,-0.00017771246522688846
-0.2,-0.1,-0.6,-0.0036113672604179427
-0.2,-0.1,-0.45,-0.01767594943251747
-0.2,-0.1,-0.3,-0.04445443513508738
-0.2,-0.1,-0.15,-0.04732471703166021
-0.2,-0.1,-0.0,0.005355330781542976
-0.2,-0.1,0.15,0.05929019583841028
-0.2,-0.1,0.3,0.05844589840322921
-0.2,-0.1,0.45,0.02905411228365437
-0.2,-0.1,0.6,0.00883952327766828
-0.2,-0.1,0.75,0.001766324682034093
-0.2,-0.0,-0.75,-0.0006158455224527256
-0.2,-0.0,-0.6,-0.00903344088615934
-0.2,-0.0,-0.45,-0.04437014383151322
-0.2,-0.0,-0.3,-0.10904907426853676
-0.2,-0.0,-0.15,-0.11241305296610592
-0.2,0.0,-0.0,0.012327863059426621
-0.2,0.0,0.15,0.1287228475919933
-0.2,0.0,0.3,0.11961215151788593
-0.2,0.0,0.45,0.05564274986638122
-0.2,-0.0,0.6,0.01574824005968429
-0.2,0.0,0.75,0.0028957215349023633
-0.2,0.1,-0.75,-0.0009551429355197069
-0.2,0.1,-0.6,-0.011660906130939185
-0.2,0.1,-0.45,-0.056612224192742464
-0.2,0.1,-0.3,-0.135537722440364
-0.2,0.1,-0.15,-0.1350109819222841
-0.2,0.1,-0.0,0.014008470691797366
-0.2,0.1,0.15,0.1401846648154795
-0.2,0.1,0.3,0.122651602162949
-0.2,0.1,0.45,0.053314636817329425
-0.2,0.1,0.6,0.014013861013938879
-0.2,0.1,0.75,0.0023543014598292993
-0.2,0.2,-0.75,-0.000768819732088384
-0.2,0.2,-0.6,-0.008359044328645638
-0.2,0.2,-0.45,-0.03966507947335529
-0.2,0.2,-0.3,-0.09224585878868939
-0.2,0.2,-0.15,-0.08862717863793497
-0.2,0.2,0.0,0.00854069844545794
-0.2,0.2,0.15,0.08296228253802117
-0.2,0.2,0.3,0.06830984918132221
-0.2,0.2,0.45,0.02772678729519277
-0.2,0.2,0.6,0.006762401997004843
-0.2,0.2,0.75,0.0010281719218461862
-0.2,0.3,-0.75,-0.00035181030535395727
-0.2,0.3,-0.6,-0.0035252775825170917
-0.2,0.3,-0.45,-0.016293713892168323
-0.2,0.3,-0.3,-0.03671301883403883
-0.2,0.3,-0.15,-0.03396637046374759
-0.2,0.3,-0.0,0.0029949812679080016
-0.2,0.3,0.15,0.028547428606109336
-0.2,0.3,0.3,0.022120720322275068
-0.2,0.3,0.45,0.00838435442543821
-0.2,0.3,0.6,0.0018970682855730758
-0.2,0.3,0.75,0.00025753268748072945
-0.2,0.4,-0.75,-9.856847246036992e-05
-0.2,0.4,-0.6,-0.0009269079577030312
-0.2,0.4,-0.45,-0.0041535639534991545
-0.2,0.4,-0.3,-0.009046339843693353
-0.2,0.4,-0.15,-0.008049743004117624
-0.2,0.4,0.0,0.0006418088171299978
-0.2,0.4,0.15,0.006061239041102518
-0.2,0.4,0.3,0.004423065393664838
-0.2,0.4,0.45,0.0015663397400909002
-0.2,0.4,0.6,0.0003289051225144602
-0.2,0.4,0.75,3.888581404343259e-05
-0.2,0.5,-0.75,-1.742799076114488e-05
-0.2,0.5,-0.6,-0.00015478355531046254
-0.2,0.5,-0.45,-0.0006729300762136105
-0.2,0.5,-0.3,-0.0014137975827971608
-0.2,0.5,-0.15,-0.0012081029805936444
-0.2,0.5,0.0,8.864700311187811e-05
-0.2,0.5,0.15,0.0008179226547263815
-0.2,0.5,0.3,0.0005628237125140228
-0.2,0.5,0.45,0.00018687158119722004
-0.2,0.5,0.6,3.6610751399744885e-05
-0.2,0.5,0.75,3.6899456766042882e-06
-0.1,-0.5,-0.75,-5.267286894168975e-07
-0.1,-0.5,-0.6,-4.2521950701049955e-06
-0.1,-0.5,-0.45,-2.105352330993796e-05
-0.1,-0.5,-0.3,-4.240389900991863e-05
-0.1,-0.5,-0.15,-3.5354063668378845e-05
-0.1,-0.5,0.0,2.481967291819307e-06
-0.1,-0.5,0.15,2.360182616249235e-05
-0.1,-0.5,0.3,1.662557754711699e-05
-0.1,-0.5,0.45,5.796449781213503e-06
-0.1,-0.5,0.6,1.2259268810589588e-06
-0.1,-0.5,0.75,1.4787260484897608e-07
-0.1,-0.4,-0.75,3.376559709548792e-07
-0.1,-0.4,-0.6,-5.7078347451747225e-06
-0.1,-0.4,-0.45,-1.6936067597536277e-05
-0.1,-0.4,-0.3,-4.506452381808208e-05
-0.1,-0.4,-0.15,-5.360336445040307e-05
-0.1,-0.4,0.0,5.830259760380628e-06
-0.1,-0.4,0.15,8.703900407557529e-05
-0.1,-0.4,0.3,0.00010300353205275888
-0.1,-0.4,0.45,6.256961601543996e-05
-0.1,-0.4,0.6,2.3690199507185798e-05
-0.1,-0.4,0.75,6.0064179888116585e-06
-0.1,-0.3,-0.75,1.9111347942980294e-06
-0.1,-0.3,-0.6,-0.0001176131921913377
-0.1,-0.3,-0.45,-0.0005333358616039975
-0.1,-0.3,-0.3,-0.0013954244049416676
-0.1,-0.3,-0.15,-0.0015790664627708122
-0.1,-0.3,0.0,0.00017083220485767598
-0.1,-0.3,0.15,0.002305027997633471
-0.1,-0.3,0.3,0.002553649969710483
-0.1,-0.3,0.45,0.0014487348967910784
-0.1,-0.3,0.6,0.0005104297431308984
-0.1,-0.3,0.75,0.00012022204749464576
-0.1,-0.2,-0.75,-1.1677088245393941e-05
-0.1,-0.2,-0.6,-0.0010625385754769623
-0.1,-0.2,-0.45,-0.005737468237431261
-0.1,-0.2,-0.3,-0.014828211477204234
-0.1,-0.2,-0.15,-0.01633079635846581
-0.1,-0.2,0.0,0.0018681018170403918
-0.1,-0.2,0.15,0.022334400400243107
-0.1,-0.2,0.3,0.023396090444418313
-0.1,-0.2,0.45,0.012467680541011127
-0.1,-0.2,0.6,0.004102990754055503
-0.1,-0.2,0.75,0.0008945914514293287
-0.1,-0.1,-0.75,-0.00021635468634262944
-0.1,-0.1,-0.6,-0.005054082700038004
-0.1,-0.1,-0.45,-0.026576565146288915
-0.1,-0.1,-0.3,-0.06734340671790398
-0.1,-0.1,-0.15,-0.07199680226708648
-0.1,-0.1,0.0,0.00828579664317225
-0.1,-0.1,0.15,0.09094335737557412
-0.1,-0.1,0.3,0.0898665189055867
-0.1,-0.1,0.45,0.04484960956085627
-0.1,-0.1,0.6,0.013738395260272259
-0.1,-0.1,0.75,0.0027678708691187062
-0.1,-0.0,-0.75,-0.0007467510959730894
-0.1,-0.0,-0.6,-0.011541992228971933
-0.1,-0.0,-0.45,-0.058512722809620686
-0.1,-0.0,-0.3,-0.14484761303968247
-0.1,-0.0,-0.15,-0.14995782351619827
-0.1,0.0,0.0,0.016831347957104767
-0.1,0.0,0.15,0.17322502805997775
-0.1,-0.0,0.3,0.1612176238634195
-0.1,-0.0,0.45,0.07520563515577508
-0.1,-0.0,0.6,0.02139614595450415
-0.1,-0.0,0.75,0.003963341391496493
-0.1,0.1,-0.75,-0.001081596738129085
-0.1,0.1,-0.6,-0.013603244887031673
-0.1,0.1,-0.45,-0.06676643659030519
-0.1,0.1,-0.3,-0.16098385470316845
-0.1,0.1,-0.15,-0.16102809188730455
-0.1,0.1,-0.0,0.017189160811438724
-0.1,0.1,0.15,0.16872036868250026
-0.1,0.1,0.3,0.14773122740048505
-0.1,0.1,0.45,0.06433249620627084
-0.1,0.1,0.6,0.01697448775011949
-0.1,0.1,0.75,0.0028733455934245675
-0.1,0.2,-0.75,-0.0007986286706938234
-0.1,0.2,-0.6,-0.008875705155074185
-0.1,0.2,-0.45,-0.04252297208560763
-0.1,0.2,-0.3,-0.09959624034741353
-0.1,0.2,-0.15,-0.09606576671109981
-0.1,0.2,-0.0,0.009564778732797409
-0.1,0.2,0.15,0.0907421046737559
-0.1,0.2,0.3,0.07471603216297741
-0.1,0.2,0.45,0.03035461869032315
-0.1,0.2,0.6,0.007422173389618097
-0.1,0.2,0.75,0.0011374324911824435
-0.1,0.3,-0.75,-0.00033807643553534345
-0.1,0.3,-0.6,-0.003448905688470228
-0.1,0.3,-0.45,-0.01609697035021006
-0.1,0.3,-0.3,-0.03652372989218434
-0.1,0.3,-0.15,-0.033914515558024355
-0.1,0.3,-0.0,0.0031026096474654438
-0.1,0.3,0.15,0.028758748977944684
-0.1,0.3,0.3,0.02227084555190305
-0.1,0.3,0.45,0.008442260037475585
-0.1,0.3,0.6,0.0019133389261622596
-0.1,0.3,0.75,0.0002618033854828405
-0.1,0.4,-0.75,-8.852140686965673e-05
-0.1,0.4,-0.6,-0.0008442840441690912
-0.1,0.4,-0.45,-0.00382462109515973
-0.1,0.4,-0.3,-0.008386496345603721
-0.1,0.4,-0.15,-0.007487653717781942
-0.1,0.4,0.0,0.0006211148622486298
-0.1,0.4,0.15,0.005685228720134283
-0.1,0.4,0.3,0.004143208699038218
-0.1,0.4,0.45,0.0014660999576028666
-0.1,0.4,0.6,0.0003079049327209682
-0.1,0.4,0.75,3.6788142652137174e-05
-0.1,0.5,-0.75,-1.481586783079941e-05
-0.1,0.5,-0.6,-0.00013353954546475307
-0.1,0.5,-0.45,-0.0005852547345958026
-0.1,0.5,-0.3,-0.001237272906790829
-0.1,0.5,-0.15,-0.0010605293339589336
-0.1,0.5,0.0,8.12979423242029e-05
-0.1,0.5,0.15,0.0007243977590664909
-0.1,0.5,0.3,0.0004981612861456829
-0.1,0.5,0.45,0.0001654913326609545
-0.1,0.5,0.6,3.256982634158785e-05
-0.1,0.5,0.75,3.3243776045794903e-06
0.0,-0.5,-0.75,7.407435794818552e-09
0.0,-0.5,-0.6,1.161229050561852e-06
0.0,-0.5,-0.45,8.609299238532001e-07
0.0,-0.5,-0.3,6.969191865171615e-07
0.0,-0.5,-0.15,3.1651475959825664e-07
0.0,-0.5,0.0,2.784876686892684e-08
0.0,-0.5,0.15,3.958546366045118e-08
0.0,-0.5,0.3,3.997083342163734e-08
0.0,-0.5,0.45,1.0482395428561433e-08
0.0,-0.5,0.6,1.13742031162607e-08
0.0,-0.5,0.75,-1.0608992605173234e-08
0.0,-0.4,-0.75,1.0844244842652082e-07
0.0,-0.4,-0.6,5.055032381483538e-07
0.0,-0.4,-0.45,9.67917291114005e-07
0.0,-0.4,-0.3,1.1692463054507645e-07
0.0,-0.4,-0.15,3.554440697280896e-07
0.0,-0.4,0.0,-2.1687000465189675e-08
0.0,-0.4,0.15,-4.579333101933518e-07
0.0,-0.4,0.3,-5.958815724411316e-07
0.0,-0.4,0.45,-1.9775649180791212e-07
0.0,-0.4,0.6,-2.6036131660378472e-08
0.0,-0.4,0.75,1.2399325108511768e-08
0.0,-0.3,-0.75,3.093671860072606e-06
0.0,-0.3,-0.6,4.0425553602315486e-05
0.0,-0.3,-0.45,4.609857549096198e-06
0.0,-0.3,-0.3,3.4533002147622384e-06
0.0,-0.3,-0.15,6.580182754936901e-06
0.0,-0.3,0.0,5.738598547766887e-07
0.0,-0.3,0.15,-8.729370432075473e-06
0.0,-0.3,0.3,-8.986541051645076e-06
0.0,-0.3,0.45,-3.0194305183109655e-06
0.0,-0.3,0.6,8.109196591970336e-07
0.0,-0.3,0.75,-8.218542130197866e-09
0.0,-0.2,-0.75,-7.597779075646329e-06
0.0,-0.2,-0.6,-8.732650076479577e-05
0.0,-0.2,-0.45,-6.934898064168756e-06
0.0,-0.2,-0.3,2.75906712485573e-05
0.0,-0.2,-0.15,4.158054223386013e-05
0.0,-0.2,-0.0,6.383505589678423e-06
0.0,-0.2,0.15,-5.5822097565405606e-05
0.0,-0.2,0.3,-5.094310023879952e-05
0.0,-0.2,0.45,-1.009280633798454e-05
0.0,-0.2,0.6,7.971359762055552e-06
0.0,-0.2,0.75,6.859471910149182e-06
0.0,-0.1,-0.75,-2.5870619681009673e-05
0.0,-0.1,-0.6,-0.0002599623452929626
0.0,-0.1,-0.45,-3.4495554861200905e-05
0.0,-0.1,-0.3,5.7333194359654945e-05
0.0,-0.1,-0.15,0.00010559281681696754
0.0,-0.1,-0.0,2.35885562012118e-05
0.0,-0.1,0.15,-0.00013194982073435344
0.0,-0.1,0.3,-0.00010188801424076205
0.0,-0.1,0.45,6.012780531556776e-06
0.0,-0.1,0.6,3.606432757987875e-05
0.0,-0.1,0.75,2.251789209630638e-05
0.0,-0.0,-0.75,-3.75375596573429e-05
0.0,-0.0,-0.6,-0.0003733693172324329
0.0,-0.0,-0.45,-7.670896203758699e-05
0.0,0.0,-0.3,7.114554378377815e-06
0.0,-0.0,-0.15,8.551254660616367e-05
0.0,0.0,0.0,4.2693589866715205e-05
0.0,0.0,0.15,-0.00010627761754994374
0.0,0.0,0.3,-4.8339403099255444e-05
0.0,0.0,0.45,6.672333368203944e-05
0.0,0.0,0.6,6.727254854117525e-05
0.0,-0.0,0.75,3.4979947130480854e-05
0.0,0.1,-0.75,-1.6522181650679865e-05
0.0,0.1,-0.6,-0.00015569101169215114
0.0,0.1,-0.45,-7.64230220655177e-05
0.0,0.1,-0.3,-0.00010472638432897933
0.0,0.1,-0.15,-2.751291114492559e-05
0.0,0.1,0.0,3.957073337506446e-05
0.0,0.1,0.15,1.2189299273401249e-05
0.0,0.1,0.3,5.5547619296063957e-05
0.0,0.1,0.45,9.649494639833931e-05
0.0,0.1,0.6,6.068422394563921e-05
0.0,0.1,0.75,2.597032513444944e-05
0.0,0.2,-0.75,2.3729816826110735e-06
0.0,0.2,-0.6,1.3843204104421043e-05
0.0,0.2,-0.45,-5.3579610469815896e-05
0.0,0.2,-0.3,-0.00012086598958697052
0.0,0.2,-0.15,-7.624360331418761e-05
0.0,0.2,0.0,2.0861879212192277e-05
0.0,0.2,0.15,5.747222809475529e-05
0.0,0.2,0.3,7.063304809893855e-05
0.0,0.2,0.45,6.024668459911613e-05
0.0,0.2,0.6,2.99858982077944e-05
0.0,0.2,0.75,9.308074202521177e-06
0.0,0.3,-0.75,1.932053492180891e-07
0.0,0.3,-0.6,-1.8838955080700448e-05
0.0,0.3,-0.45,-2.8156019743134546e-05
0.0,0.3,-0.3,-6.114679302353096e-05
0.0,0.3,-0.15,-4.506486619852264e-05
0.0,0.3,0.0,6.44833106497629e-06
0.0,0.3,0.15,3.1743073161835596e-05
0.0,0.3,0.3,3.161637007256874e-05
0.0,0.3,0.45,2.032108636430699e-05
0.0,0.3,0.6,8.20217017319195e-06
0.0,0.3,0.75,2.5745123427808845e-06
0.0,0.4,-0.75,5.195170216002385e-07
0.0,0.4,-0.6,9.69905449726767e-06
0.0,0.4,-0.45,-7.71471382134084e-06
0.0,0.4,-0.3,-1.7643350791132863e-05
0.0,0.4,-0.15,-1.3366875171230603e-05
0.0,0.4,0.0,1.1846162416060379e-06
0.0,0.4,0.15,8.569192915498912e-06
0.0,0.4,0.3,7.590258339313312e-06
0.0,0.4,0.45,4.021602110605149e-06
0.0,0.4,0.6,1.4655323212404939e-06
0.0,0.4,0.75,2.436743395373382e-07
0.0,0.5,-0.75,-4.97654714846726e-07
0.0,0.5,-0.6,-1.2386786242858886e-05
0.0,0.5,-0.45,-1.8661167107488115e-06
0.0,0.5,-0.3,-2.7053819500506034e-06
0.0,0.5,-0.15,-2.261221865048009e-06
0.0,0.5,0.0,1.755892295725335e-07
0.0,0.5,0.15,1.3111736377828323e-06
0.0,0.5,0.3,1.0642877447354939e-06
0.0,0.5,0.45,5.183630243761599e-07
0.0,0.5,0.6,1.1051839917181104e-07
0.0,0.5,0.75,1.504805589125795e-07
0.1,-0.5,-0.75,4.838297287589616e-07
0.1,-0.5,-0.6,1.9802145564013284e-06
0.1,-0.5,-0.45,1.926231337267215e-05
0.1,-0.5,-0.3,4.06060363446868e-05
0.1,-0.5,-0.15,3.44385192240354e-05
0.1,-0.5,0.0,-2.531040523958347e-06
0.1,-0.5,0.15,-2.349674969734684e-05
0.1,-0.5,0.3,-1.6586042019039053e-05
0.1,-0.5,0.45,-5.749976084763128e-06
0.1,-0.5,0.6,-1.2420054424581658e-06
0.1,-0.5,0.75,-1.165702416248018e-07
0.1,-0.4,-0.75,1.6609347959823335e-06
0.1,-0.4,-0.6,3.131770023282986e-05
0.1,-0.4,-0.45,1.8714201499783985e-05
0.1,-0.4,-0.3,4.507450332221757e-05
0.1,-0.4,-0.15,5.42870884760793e-05
0.1,-0.4,0.0,-5.849362856294146e-06
0.1,-0.4,0.15,-8.761170543704126e-05
0.1,-0.4,0.3,-0.00010360408462195482
0.1,-0.4,0.45,-6.291856517726904e-05
0.1,-0.4,0.6,-2.350794706981937e-05
0.1,-0.4,0.75,-6.431979156534885e-06
0.1,-0.3,-0.75,-4.214478933743135e-06
0.1,-0.3,-0.6,6.926736914676689e-05
0.1,-0.3,-0.45,0.0005309352847298246
0.1,-0.3,-0.3,0.0014010697421714259
0.1,-0.3,-0.15,0.001586430605038522
0.1,-0.3,0.0,-0.00016992527052563192
0.1,-0.3,0.15,-0.002315688725175324
0.1,-0.3,0.3,-0.0025645996044562584
0.1,-0.3,0.45,-0.0014521150706920678
0.1,-0.3,0.6,-0.00051003326709027
0.1,-0.3,0.75,-0.00011851842514200808
0.1,-0.2,-0.75,2.8057637096018945e-05
0.1,-0.2,-0.6,0.001216367626782913
0.1,-0.2,-0.45,0.005765072742612224
0.1,-0.2,-0.3,0.014856123353108966
0.1,-0.2,-0.15,0.0163871717291742
0.1,-0.2,0.0,-0.0018617589857174678
0.1,-0.2,0.15,-0.02240463604812362
0.1,-0.2,0.3,-0.023462104404412366
0.1,-0.2,0.45,-0.012480167475687415
0.1,-0.2,0.6,-0.00409164737260287
0.1,-0.2,0.75,-0.0008894120505572576
0.1,-0.1,-0.75,0.0002666847947366379
0.1,-0.1,-0.6,0.005472833052227733
0.1,-0.1,-0.45,0.02664645294397728
0.1,-0.1,-0.3,0.06740129225762005
0.1,-0.1,-0.15,0.07214082848447075
0.1,-0.1,0.0,-0.008257092789481753
0.1,-0.1,0.15,-0.09111686934803097
0.1,-0.1,0.3,-0.0900030745794529
0.1,-0.1,0.45,-0.044839887734121515
0.1,-0.1,0.6,-0.013685267728804773
0.1,-0.1,0.75,-0.0027472744449498314
0.1,-0.0,-0.75,0.0008185352701566967
0.1,-0.0,-0.6,0.012031298032252693
0.1,-0.0,-0.45,0.05859706038993844
0.1,-0.0,-0.3,0.1448279249598354
0.1,-0.0,-0.15,0.15007670030921935
0.1,0.0,0.0,-0.016773987810013533
0.1,0.0,0.15,-0.17336446613561093
0.1,-0.0,0.3,-0.16127999457274822
0.1,-0.0,0.45,-0.0751079285244693
0.1,-0.0,0.6,-0.021293358786599395
0.1,-0.0,0.75,-0.003928443523075265
0.1,0.1,-0.75,0.0011397788266635568
0.1,0.1,-0.6,0.01389570387707081
0.1,0.1,-0.45,0.06677277290364576
0.1,0.1,-0.3,0.16081948875451385
0.1,0.1,-0.15,0.16098281868024536
0.1,0.1,-0.0,-0.01713043247498855
0.1,0.1,0.15,-0.16869301703672573
0.1,0.1,0.3,-0.14763944185402617
0.1,0.1,0.45,-0.06418865899142885
0.1,0.1,0.6,-0.016878026086318755
0.1,0.1,0.75,-0.0028449483447392132
0.1,0.2,-0.75,0.0008133965166972495
0.1,0.2,-0.6,0.00886753514135889
0.1,0.2,-0.45,0.042456767782939685
0.1,0.2,-0.3,0.09941025500547665
0.1,0.2,-0.15,0.09594344829695037
0.1,0.2,-0.0,-0.009531914953967395
0.1,0.2,0.15,-0.09064906422091815
0.1,0.2,0.3,-0.07460321620344393
0.1,0.2,0.45,-0.030260696357580264
0.1,0.2,0.6,-0.007375604803260517
0.1,0.2,0.75,-0.0011219641936204175
0.1,0.3,-0.75,0.0003424111297391148
0.1,0.3,-0.6,0.0034745740895188674
0.1,0.3,-0.45,0.01605844740983618
0.1,0.3,-0.3,0.03642492013394716
0.1,0.3,-0.15,0.0338416783129601
0.1,0.3,-0.0,-0.003092510413327753
0.1,0.3,0.15,-0.02870694890145947
0.1,0.3,0.3,-0.022219654785823
0.1,0.3,0.45,-0.00840982709740281
0.1,0.3,0.6,-0.0018999951973097332
0.1,0.3,0.75,-0.0002582349751670332
0.1,0.4,-0.75,8.843460929346913e-05
0.1,0.4,-0.6,0.0008263253735758688
0.1,0.4,-0.45,0.0038105019798831295
0.1,0.4,-0.3,0.008358122890439523
0.1,0.4,-0.15,0.007465401621642026
0.1,0.4,0.0,-0.0006190778539424215
0.1,0.4,0.15,-0.005671116139158671
0.1,0.4,0.3,-0.004130688950502069
0.1,0.4,0.45,-0.0014594672776314726
0.1,0.4,0.6,-0.00030564765792925793
0.1,0.4,0.75,-3.5997196635835315e-05
0.1,0.5,-0.75,1.4875602357722436e-05
0.1,0.5,-0.6,0.0001419559852544476
0.1,0.5,-0.45,0.0005828143339767622
0.1,0.5,-0.3,0.001231625570963471
0.1,0.5,-0.15,0.0010565174670043363
0.1,0.5,0.0,-8.115158328532119e-05
0.1,0.5,0.15,-0.0007221314013263692
0.1,0.5,0.3,-0.0004963973240170595
0.1,0.5,0.45,-0.00016464336729963712
0.1,0.5,0.6,-3.2307382845644734e-05
0.1,0.5,0.75,-3.312257948648108e-06
0.2,-0.5,-0.75,-2.8213940408048636e-07
0.2,-0.5,-0.6,-1.2558677568872428e-05
0.2,-0.5,-0.45,1.988095273412232e-05
0.2,-0.5,-0.3,3.933681814770108e-05
0.2,-0.5,-0.15,3.221888930006979e-05
0.2,-0.5,0.0,-2.421959419408787e-06
0.2,-0.5,0.15,-2.1131760742836318e-05
0.2,-0.5,0.3,-1.4668976795079864e-05
0.2,-0.5,0.45,-4.889446554201292e-06
0.2,-0.5,0.6,-1.0839972087442834e-06
0.2,-0.5,0.75,9.753936856631606e-08
0.2,-0.4,-0.75,2.376446064537933e-06
0.2,-0.4,-0.6,4.805367641556749e-05
0.2,-0.4,-0.45,7.1126954716757365e-06
0.2,-0.4,-0.3,1.3104858527297087e-05
0.2,-0.4,-0.15,1.7364045777359417e-05
0.2,-0.4,0.0,-2.1323174857885196e-06
0.2,-0.4,0.15,-3.073601648319758e-05
0.2,-0.4,0.3,-3.708866436926895e-05
0.2,-0.4,0.45,-2.2855994304820615e-05
0.2,-0.4,0.6,-8.379597373204643e-06
0.2,-0.4,0.75,-2.724427220513195e-06
0.2,-0.3,-0.75,-4.3780546378953224e-06
0.2,-0.3,-0.6,-1.7680897070295377e-05
0.2,-0.3,-0.45,0.0002490430995802292
0.2,-0.3,-0.3,0.0006614770024622218
0.2,-0.3,-0.15,0.0007436366718046601
0.2,-0.3,0.0,-7.993344434928594e-05
0.2,-0.3,0.15,-0.0010791344999993055
0.2,-0.3,0.3,-0.0011892286466877273
0.2,-0.3,0.45,-0.0006693603878967413
0.2,-0.3,0.6,-0.00023298969906755256
0.2,-0.3,0.75,-5.3101766017388266e-05
0.2,-0.2,-0.75,1.6227490051873164e-05
0.2,-0.2,-0.6,0.000693668569400197
0.2,-0.2,-0.45,0.003281969592864229
0.2,-0.2,-0.3,0.008391442858056531
0.2,-0.2,-0.15,0.009208483179052398
0.2,-0.2,-0.0,-0.0010416760812581684
0.2,-0.2,0.15,-0.012501310157169512
0.2,-0.2,0.3,-0.013050620428426871
0.2,-0.2,0.45,-0.006912124353773301
0.2,-0.2,0.6,-0.002251956656280783
0.2,-0.2,0.75,-0.0004837497565870791
0.2,-0.1,-0.75,0.00016643122392561013
0.2,-0.1,-0.6,0.003379502170852847
0.2,-0.1,-0.45,0.017713779830330966
0.2,-0.1,-0.3,0.044486681745154605
0.2,-0.1,-0.15,0.047375616149973494
0.2,-0.1,-0.0,-0.005346966525477238
0.2,-0.1,0.15,-0.059339479819330666
0.2,-0.1,0.3,-0.05848762744105427
0.2,-0.1,0.45,-0.029046239115716445
0.2,-0.1,0.6,-0.008826542304499902
0.2,-0.1,0.75,-0.0017498987306513154
0.2,-0.0,-0.75,0.0006679622834591359
0.2,-0.0,-0.6,0.009467637526211655
0.2,-0.0,-0.45,0.04449796462252719
0.2,-0.0,-0.3,0.10904694376329664
0.2,-0.0,-0.15,0.11246688830928148
0.2,0.0,-0.0,-0.012312141015318556
0.2,0.0,0.15,-0.12875883846553496
0.2,0.0,0.3,-0.11963001744387831
0.2,0.0,0.45,-0.05559937153574954
0.2,-0.0,0.6,-0.015713461544778654
0.2,0.0,0.75,-0.002877646247538279
0.2,0.1,-0.75,0.0010364054070207465
0.2,0.1,-0.6,0.01220044105086583
0.2,0.1,-0.45,0.056682439268729096
0.2,0.1,-0.3,0.1354667334013109
0.2,0.1,-0.15,0.13498654206933117
0.2,0.1,-0.0,-0.013983618127631915
0.2,0.1,0.15,-0.14016210675832494
0.2,0.1,0.3,-0.12260361234251743
0.2,0.1,0.45,-0.05325324209129346
0.2,0.1,0.6,-0.01397074591132585
0.2,0.1,0.75,-0.00234672957805213
0.2,0.2,-0.75,0.0007789117626736652
0.2,0.2,-0.6,0.008270494808222421
0.2,0.2,-0.45,0.0396417422713827
0.2,0.2,-0.3,0.09215852739589715
0.2,0.2,-0.15,0.08856464970446386
0.2,0.2,0.0,-0.008524980533045842
0.2,0.2,0.15,-0.0829136189544457
0.2,0.2,0.3,-0.06825322341445489
0.2,0.2,0.45,-0.02768235610514204
0.2,0.2,0.6,-0.006740917991088802
0.2,0.2,0.75,-0.0010197760827018408
0.2,0.3,-0.75,0.0003588426948427807
0.2,0.3,-0.6,0.003614812100707081
0.2,0.3,-0.45,0.016278871366015326
0.2,0.3,-0.3,0.03666152856349256
0.2,0.3,-0.15,0.033927863741309426
0.2,0.3,-0.0,-0.002990018519313392
0.2,0.3,0.15,-0.02851961001570579
0.2,0.3,0.3,-0.02209373767923929
0.2,0.3,0.45,-0.00836784713093667
0.2,0.3,0.6,-0.0018901495465510766
0.2,0.3,0.75,-0.00025616351190363743
0.2,0.4,-0.75,9.621039426291041e-05
0.2,0.4,-0.6,0.0008582041713168533
0.2,0.4,-0.45,0.004143807000789334
0.2,0.4,-0.3,0.009030615791592872
0.2,0.4,-0.15,0.008036853865100809
0.2,0.4,0.0,-0.0006407011047248116
0.2,0.4,0.15,-0.0060533337749888805
0.2,0.4,0.3,-0.0044160931442112274
0.2,0.4,0.45,-0.00156266271413895
0.2,0.4,0.6,-0.0003278180669885083
0.2,0.4,0.75,-3.805013966772113e-05
0.2,0.5,-0.75,1.9380003179551163e-05
0.2,0.5,-0.6,0.00021183835305077454
0.2,0.5,-0.45,0.0006739746882887906
0.2,0.5,-0.3,0.0014105970449335397
0.2,0.5,-0.15,0.0012061328051521044
0.2,0.5,0.0,-8.866438548443306e-05
0.2,0.5,0.15,-0.0008165407198697983
0.2,0.5,0.3,-0.0005617981434251621
0.2,0.5,0.45,-0.00018640690046610247
0.2,0.5,0.6,-3.635870855356292e-05
0.2,0.5,0.75,-3.995548287060644e-06
0.3,-0.5,-0.75,8.636598508946761e-07
0.3,-0.5,-0.6,1.5509692019165333e-05
0.3,-0.5,-0.45,6.238337995716686e-06
0.3,-0.5,-0.3,1.4694015999873225e-05
0.3,-0.5,-0.15,1.2689154871658644e-05
0.3,-0.5,0.0,-1.2310622776447744e-06
0.3,-0.5,0.15,-8.896988096630291e-06
0.3,-0.5,0.3,-6.107070339159608e-06
0.3,-0.5,0.45,-2.0514255560545255e-06
0.3,-0.5,0.6,-3.6784101330270513e-07
0.3,-0.5,0.75,-1.428428489564833e-07
0.3,-0.4,-0.75,-4.7269570472733557e-07
0.3,-0.4,-0.6,-2.610933816332178e-05
0.3,-0.4,-0.45,-1.9317979858333475e-06
0.3,-0.4,-0.3,-5.291610916109965e-07
0.3,-0.4,-0.15,-2.410672905484204e-07
0.3,-0.4,0.0,1.1896320222655082e-07
0.3,-0.4,0.15,-1.215549949382808e-06
0.3,-0.4,0.3,-1.976476625927273e-06
0.3,-0.4,0.45,-1.4337554525207255e-06
0.3,-0.4,0.6,-6.345205305183001e-07
0.3,-0.4,0.75,6.354182731904566e-08
0.3,-0.3,-0.75,2.08570787820321e-06
0.3,-0.3,-0.6,5.2641091312340325e-05
0.3,-0.3,-0.45,3.4745598866237735e-05
0.3,-0.3,-0.3,8.371342399114208e-05
0.3,-0.3,-0.15,9.374458888237685e-05
0.3,-0.3,0.0,-1.0196749399875204e-05
0.3,-0.3,0.15,-0.00013420318027437806
0.3,-0.3,0.3,-0.00014641287652249904
0.3,-0.3,0.45,-8.146295555563316e-05
0.3,-0.3,0.6,-2.7495852623212664e-05
0.3,-0.3,0.75,-6.824861578554351e-06
0.3,-0.2,-0.75,3.669236776746501e-06
0.3,-0.2,-0.6,8.24343297174313e-05
0.3,-0.2,-0.45,0.0005721190023103104
0.3,-0.2,-0.3,0.0014638421286109339
0.3,-0.2,-0.15,0.001595585308319844
0.3,-0.2,0.0,-0.0001775116616115383
0.3,-0.2,0.15,-0.002141610456694508
0.3,-0.2,0.3,-0.002222626839551122
0.3,-0.2,0.45,-0.0011677028063796684
0.3,-0.2,0.6,-0.00037486690618533067
0.3,-0.2,0.75,-7.953567314515246e-05
0.3,-0.1,-0.75,5.689464593383077e-05
0.3,-0.1,-0.6,0.000989012072236052
0.3,-0.1,-0.45,0.00409393626285691
0.3,-0.1,-0.3,0.010182272834388358
0.3,-0.1,-0.15,0.010769309202474299
0.3,-0.1,0.0,-0.0011826887357261166
0.3,-0.1,0.15,-0.013317355260820262
0.3,-0.1,0.3,-0.013073529884494575
0.3,-0.1,0.45,-0.0064561755427588125
0.3,-0.1,0.6,-0.0019393205847672615
0.3,-0.1,0.75,-0.00038449142821557464
0.3,-0.0,-0.75,0.00015533427984082356
0.3,-0.0,-0.6,0.002144169014046333
0.3,-0.0,-0.45,0.01282106584675142
0.3,-0.0,-0.3,0.03132810960595314
0.3,-0.0,-0.15,0.03206514419053092
0.3,0.0,-0.0,-0.00337844140021293
0.3,0.0,0.15,-0.036215303039136
0.3,-0.0,0.3,-0.03356707710743565
0.3,-0.0,0.45,-0.015541774643871846
0.3,-0.0,0.6,-0.004362812783467661
0.3,0.0,0.75,-0.0007820754567053465
0.3,0.1,-0.75,0.00030889601787756484
0.3,0.1,-0.6,0.003636239774402721
0.3,0.1,-0.45,0.019851140783932613
0.3,0.1,-0.3,0.04713048674825271
0.3,0.1,-0.15,0.046634535571323105
0.3,0.1,-0.0,-0.004612339041602128
0.3,0.1,0.15,-0.047731787975365085
0.3,0.1,0.3,-0.041717073383955645
0.3,0.1,0.45,-0.018077420759942595
0.3,0.1,0.6,-0.00472668542211131
0.3,0.1,0.75,-0.0007719867910254601
0.3,0.2,-0.75,0.000337483470432009
0.3,0.2,-0.6,0.0036362795190526013
0.3,0.2,-0.45,0.016412719005395215
0.3,0.2,-0.3,0.03772863496694776
0.3,0.2,-0.15,0.036028522428573406
0.3,0.2,-0.0,-0.0032859390702266304
0.3,0.2,0.15,-0.03324310300222706
0.3,0.2,0.3,-0.027375573373288872
0.3,0.2,0.45,-0.011095986778680442
0.3,0.2,0.6,-0.0026946988503595325
0.3,0.2,0.75,-0.00040498340866533354
0.3,0.3,-0.75,0.0001714362802046741
0.3,0.3,-0.6,0.0016129075891575448
0.3,0.3,-0.45,0.007740056971256464
0.3,0.3,-0.3,0.017257789994752817
0.3,0.3,-0.15,0.01587440793759878
0.3,0.3,0.0,-0.0013150217753224785
0.3,0.3,0.15,-0.013155640841796651
0.3,0.3,0.3,-0.010206087617303
0.3,0.3,0.45,-0.003867968119254716
0.3,0.3,0.6,-0.0008732551810290494
0.3,0.3,0.75,-0.00011597379601429393
0.3,0.4,-0.75,5.6974320528641586e-05
0.3,0.4,-0.6,0.0005686142882845094
0.3,0.4,-0.45,0.002227292322322516
0.3,0.4,-0.3,0.0047914746516216
0.3,0.4,-0.15,0.0042420920091832326
0.3,0.4,0.0,-0.0003163004662078069
0.3,0.4,0.15,-0.0031511825827719745
0.3,0.4,0.3,-0.002304769260928083
0.3,0.4,0.45,-0.0008172365146884839
0.3,0.4,0.6,-0.00017137107457716882
0.3,0.4,0.75,-2.0386179657380824e-05
0.3,0.5,-0.75,9.883952725270143e-06
0.3,0.5,-0.6,4.8716063603876397e-05
0.3,0.5,-0.45,0.0003911286401145479
0.3,0.5,-0.3,0.0008221928473941829
0.3,0.5,-0.15,0.000700326698928308
0.3,0.5,0.0,-4.8204248364766587e-05
0.3,0.5,0.15,-0.0004700154507240368
0.3,0.5,0.3,-0.000324210766687856
0.3,0.5,0.45,-0.0001077324347016596
0.3,0.5,0.6,-2.111330478365471e-05
0.3,0.5,0.75,-1.822108746018733e-06
0.4,-0.5,-0.75,-1.0869593696116097e-06
0.4,-0.5,-0.6,1.3437994395482903e-07
0.4,-0.5,-0.45,-2.937278400947719e-06
0.4,-0.5,-0.3,3.5118051252514966e-06
0.4,-0.5,-0.15,4.7026420817040285e-06
0.4,-0.5,0.0,-2.790674821315122e-06
0.4,-0.5,0.15,-7.417755386417286e-07
0.4,-0.5,0.3,-2.485528394503774e-06
0.4,-0.5,0.45,4.850063083542333e-07
0.4,-0.5,0.6,-1.0827881389042703e-06
0.4,-0.5,0.75,1.1470187171501834e-06
0.4,-0.4,-0.75,2.0563502666621935e-07
0.4,-0.4,-0.6,-2.2247913808227603e-06
0.4,-0.4,-0.45,8.446559552979699e-06
0.4,-0.4,-0.3,6.58425859863032e-06
0.4,-0.4,-0.15,1.7114209071868548e-06
0.4,-0.4,0.0,5.112208055182874e-07
0.4,-0.4,0.15,-1.2288051725979906e-07
0.4,-0.4,0.3,3.904896483939498e-07
0.4,-0.4,0.45,-2.8515332331694556e-07
0.4,-0.4,0.6,3.1738455736334443e-07
0.4,-0.4,0.75,-4.2380018024875186e-07
0.4,-0.3,-0.75,-3.6587073518437715e-07
0.4,-0.3,-0.6,-1.6424609410925695e-05
0.4,-0.3,-0.45,2.226987464983697e-06
0.4,-0.3,-0.3,2.0213933939950823e-06
0.4,-0.3,-0.15,1.6919882310306497e-06
0.4,-0.3,0.0,7.171912312662688e-08
0.4,-0.3,0.15,-6.958578065749962e-06
0.4,-0.3,0.3,-6.676099879843427e-06
0.4,-0.3,0.45,-4.163810335734647e-06
0.4,-0.3,0.6,-1.1105873241856436e-06
0.4,-0.3,0.75,-2.7949879146280566e-07
0.4,-0.2,-0.75,6.278994097597847e-06
0.4,-0.2,-0.6,8.500495285116475e-05
0.4,-0.2,-0.45,4.7262569592975016e-05
0.4,-0.2,-0.3,9.754175440347424e-05
0.4,-0.2,-0.15,0.00010498027089465498
0.4,-0.2,-0.0,-1.1409832228783577e-05
0.4,-0.2,0.15,-0.0001365008214449774
0.4,-0.2,0.3,-0.00014085758075444387
0.4,-0.2,0.45,-7.370620086376148e-05
0.4,-0.2,0.6,-2.2994209675193895e-05
0.4,-0.2,0.75,-5.773730429895669e-06
0.4,-0.1,-0.75,1.8425538565123925e-05
0.4,-0.1,-0.6,0.00023505829219973168
0.4,-0.1,-0.45,0.00040204624772081725
0.4,-0.1,-0.3,0.0009401006402464974
0.4,-0.1,-0.15,0.0009829727530898636
0.4,-0.1,0.0,-0.00010474339468780784
0.4,-0.1,0.15,-0.0011961971054243467
0.4,-0.1,0.3,-0.0011676448011149624
0.4,-0.1,0.45,-0.0005740116014758591
0.4,-0.1,0.6,-0.00016893025498172258
0.4,-0.1,0.75,-3.559229408149567e-05
0.4,-0.0,-0.75,1.028086036855029e-05
0.4,-0.0,-0.6,0.00021978600881663676
0.4,-0.0,-0.45,0.0016338953104721554
0.4,-0.0,-0.3,0.00395457168136665
0.4,-0.0,-0.15,0.004008295138093975
0.4,-0.0,-0.0,-0.00040189813064698773
0.4,0.0,0.15,-0.004443727320883228
0.4,-0.0,0.3,-0.004106423388237859
0.4,-0.0,0.45,-0.0018923722704915292
0.4,-0.0,0.6,-0.0005265400334778622
0.4,-0.0,0.75,-9.197191137781594e-05
0.4,0.1,-0.75,3.719194576277648e-05
0.4,0.1,-0.6,0.0005589137128942872
0.4,0.1,-0.45,0.0033114906243719433
0.4,0.1,-0.3,0.007785459799802025
0.4,0.1,-0.15,0.007642661817013474
0.4,0.1,0.0,-0.0007108070059058158
0.4,0.1,0.15,-0.007686531920430123
0.4,0.1,0.3,-0.006712738160865223
0.4,0.1,0.45,-0.002899959450151823
0.4,0.1,0.6,-0.0007547025651574164
0.4,0.1,0.75,-0.00011970611593092376
0.4,0.2,-0.75,7.07223769781564e-05
0.4,0.2,-0.6,0.0007340466306126704
0.4,0.2,-0.45,0.0034747493021167037
0.4,0.2,-0.3,0.007886294281068166
0.4,0.2,-0.15,0.007468320355876635
0.4,0.2,0.0,-0.0006315185704712842
0.4,0.2,0.15,-0.006762039017146903
0.4,0.2,0.3,-0.005572811181791462
0.4,0.2,0.45,-0.00225712524472545
0.4,0.2,0.6,-0.0005465239945476462
0.4,0.2,0.75,-8.046979691703999e-05
0.4,0.3,-0.75,4.514581667113903e-05
0.4,0.3,-0.6,0.0004358531785241259
0.4,0.3,-0.45,0.0019982240767688134
0.4,0.3,-0.3,0.004395397301675876
0.4,0.3,-0.15,0.004014550752939385
0.4,0.3,-0.0,-0.00030559787949853835
0.4,0.3,0.15,-0.003270093540370853
0.4,0.3,0.3,-0.002543008165057266
0.4,0.3,0.45,-0.0009648549086754787
0.4,0.3,0.6,-0.00021769845948547972
0.4,0.3,0.75,-2.8429060318998028e-05
0.4,0.4,-0.75,1.844522050310095e-05
0.4,0.4,-0.6,0.00016020488178975702
0.4,0.4,-0.45,0.0006884860278185072
0.4,0.4,-0.3,0.0014576212275235684
0.4,0.4,-0.15,0.0012784729343346098
0.4,0.4,0.0,-8.629327813922088e-05
0.4,0.4,0.15,-0.0009302688977637931
0.4,0.4,0.3,-0.0006827187181330709
0.4,0.4,0.45,-0.0002428684715339699
0.4,0.4,0.6,-5.0977213103078e-05
0.4,0.4,0.75,-5.895464751031384e-06
0.4,0.5,-0.75,3.052362514142754e-06
0.4,0.5,-0.6,2.515597380463916e-05
0.4,0.5,-0.45,0.00011323168673982691
0.4,0.5,-0.3,0.0002608492070505369
0.4,0.5,-0.15,0.0002297784078174704
0.4,0.5,0.0,-1.6189980122513813e-05
0.4,0.5,0.15,-0.00015983762576998707
0.4,0.5,0.3,-0.00011136046784799921
0.4,0.5,0.45,-3.6958959045962357e-05
0.4,0.5,0.6,-7.429227643502769e-06
0.4,0.5,0.75,-5.219300055776658e-07
0.5,-0.5,-0.75,-1.7310573320222448e-07
0.5,-0.5,-0.6,-1.0920707501213418e-06
0.5,-0.5,-0.45,-1.0506671563421944e-07
0.5,-0.5,-0.3,1.3913902906389484e-06
0.5,-0.5,-0.15,1.029188482385e-06
0.5,-0.5,0.0,-3.3151735644677344e-07
0.5,-0.5,0.15,-1.654384583318477e-07
0.5,-0.5,0.3,-2.43595583987556e-07
0.5,-0.5,0.45,-1.791434137660197e-09
0.5,-0.5,0.6,-6.812692706132326e-08
0.5,-0.5,0.75,6.059920953407618e-08
0.5,-0.4,-0.75,1.2833511171022113e-07
0.5,-0.4,-0.6,-1.0736038124951433e-06
0.5,-0.4,-0.45,2.4278304148375964e-06
0.5,-0.4,-0.3,1.7634512942582615e-07
0.5,-0.4,-0.15,-1.8579160480918118e-07
0.5,-0.4,0.0,1.0630401342670067e-07
0.5,-0.4,0.15,1.0535198650988057e-07
0.5,-0.4,0.3,2.9050344987172155e-08
0.5,-0.4,0.45,5.5927859906460264e-08
0.5,-0.4,0.6,-1.0494177995940117e-08
0.5,-0.4,0.75,3.6341677707816374e-08
0.5,-0.3,-0.75,-2.759214113928209e-07
0.5,-0.3,-0.6,2.8018268795585735e-06
0.5,-0.3,-0.45,5.551352426225355e-06
0.5,-0.3,-0.3,2.207339465167351e-06
0.5,-0.3,-0.15,-2.2872851936297811e-07
0.5,-0.3,0.0,1.5131452101613999e-07
0.5,-0.3,0.15,3.065810586024054e-07
0.5,-0.3,0.3,8.965610359309379e-07
0.5,-0.3,0.45,1.476217651234839e-07
0.5,-0.3,0.6,3.9927652895868197e-07
0.5,-0.3,0.75,-3.0887149826621723e-07
0.5,-0.2,-0.75,4.382346137739824e-06
0.5,-0.2,-0.6,-1.861146054239927e-05
0.5,-0.2,-0.45,4.446790490999767e-06
0.5,-0.2,-0.3,3.1950149794836716e-06
0.5,-0.2,-0.15,-2.504297811868876e-06
0.5,-0.2,0.0,2.676645774482195e-06
0.5,-0.2,0.15,2.07131855862045e-07
0.5,-0.2,0.3,2.906723708186754e-06
0.5,-0.2,0.45,1.721609933709893e-07
0.5,-0.2,0.6,1.434594648637819e-06
0.5,-0.2,0.75,-7.237814396165107e-07
0.5,-0.1,-0.75,7.2757935633201474e-06
0.5,-0.1,-0.6,-4.240321310190448e-05
0.5,-0.1,-0.45,1.4978455100038754e-05
0.5,-0.1,-0.3,4.3515303159401993e-05
0.5,-0.1,-0.15,3.121411614875385e-05
0.5,-0.1,0.0,4.470499455344422e-06
0.5,-0.1,0.15,-3.492410058700003e-05
0.5,-0.1,0.3,-2.391631353613872e-05
0.5,-0.1,0.45,-1.6914235762638346e-05
0.5,-0.1,0.6,4.07197313500084e-08
0.5,-0.1,0.75,-4.382492495169413e-06
0.5,-0.0,-0.75,3.361732381235757e-07
0.5,-0.0,-0.6,-3.771872788457931e-05
0.5,-0.0,-0.45,5.959029391046316e-05
0.5,-0.0,-0.3,0.00018035214835797786
0.5,0.0,-0.15,0.0001891121067116987
0.5,0.0,-0.0,-7.687684743484429e-06
0.5,0.0,0.15,-0.0002240745608994235
0.5,0.0,0.3,-0.0001956176763530361
0.5,0.0,0.45,-9.460193208842935e-05
0.5,-0.0,0.6,-2.177758065452806e-05
0.5,-0.0,0.75,-6.85585791571662e-06
0.5,0.1,-0.75,5.017582549611911e-06
0.5,0.1,-0.6,3.1339478555587565e-05
0.5,0.1,-0.45,0.00023106401286926336
0.5,0.1,-0.3,0.0005523046750967196
0.5,0.1,-0.15,0.0005471118058274544
0.5,0.1,-0.0,-4.4457857076404936e-05
0.5,0.1,0.15,-0.0005566068890282045
0.5,0.1,0.3,-0.0004849557408125372
0.5,0.1,0.45,-0.0002091863822197649
0.5,0.1,0.6,-5.359091690845015e-05
0.5,0.1,0.75,-8.617367298289965e-06
0.5,0.2,-0.75,6.386180193476696e-06
0.5,0.2,-0.6,9.10384107493499e-05
0.5,0.2,-0.45,0.00035863842513626494
0.5,0.2,-0.3,0.0007987568062604945
0.5,0.2,-0.15,0.000747115697180157
0.5,0.2,-0.0,-5.958637509493202e-05
0.5,0.2,0.15,-0.0006591449016779786
0.5,0.2,0.3,-0.000544418113174336
0.5,0.2,0.45,-0.00022046199846378754
0.5,0.2,0.6,-5.3306418732723884e-05
0.5,0.2,0.75,-7.808529024753068e-06
0.5,0.3,-0.75,6.161148624401769e-06
0.5,0.3,-0.6,4.1102718307468946e-05
0.5,0.3,-0.45,0.0002569698342493342
0.5,0.3,-0.3,0.0005561834030766434
0.5,0.3,-0.15,0.0005044813613075355
0.5,0.3,-0.0,-3.4371189137546865e-05
0.5,0.3,0.15,-0.0004070390569425249
0.5,0.3,0.3,-0.00031772517346033056
0.5,0.3,0.45,-0.00012090630452110473
0.5,0.3,0.6,-2.7368434516278274e-05
0.5,0.3,0.75,-3.33117458551874e-06
0.5,0.4,-0.75,1.8467850010853402e-06
0.5,0.4,-0.6,2.685205422931191e-05
0.5,0.4,-0.45,0.00010969741968993605
0.5,0.4,-0.3,0.0002312303603108187
0.5,0.4,-0.15,0.00020025899104462305
0.5,0.4,0.0,-1.3202366513573977e-05
0.5,0.4,0.15,-0.000141522294752343
0.5,0.4,0.3,-0.00010452115456413136
0.5,0.4,0.45,-3.733148879737226e-05
0.5,0.4,0.6,-7.95049492537414e-06
0.5,0.4,0.75,-8.390418273433721e-07
0.5,0.5,-0.75,2.0158885795403026e-06
0.5,0.5,-0.6,1.1855744697710816e-05
0.5,0.5,-0.45,2.0560744753026075e-05
0.5,0.5,-0.3,4.33936697453575e-05
0.5,0.5,-0.15,3.89052158630279e-05
0.5,0.5,0.0,-1.9194409592760576e-06
0.5,0.5,0.15,-2.8659060854842336e-05
0.5,0.5,0.3,-2.0127017707589862e-05
0.5,0.5,0.45,-6.7560399076877994e-06
0.5,0.5,0.6,-1.3150718048015258e-06
0.5,0.5,0.75,-1.7871727180975434e-07
